player,espnId,position,position_inferred,team,avg_epa,avg_cpoe,plays,pass_attempts,passing_yards,passing_tds,interceptions,rushing_yards,rushing_tds,receptions,receiving_yards,receiving_tds,position_profile,position_overwritten_from_profile
A.J. Brown,4047646,UNK,UNK,,,0.0,1,0,0,0,0,0,0,0,0,0,,False
A.J. Green,13983,UNK,UNK,,,0.0,1,0,0,0,0,0,0,0,0,0,,False
A.T. Perry,4362019,UNK,UNK,,,0.0,1,0,0,0,0,0,0,0,0,0,,False
Aaron Fuller,4039000,UNK,UNK,,,0.0,1,0,0,0,0,0,0,0,0,0,,False
Aaron Parker,4032749,UNK,UNK,,,0.0,1,0,0,0,0,0,0,0,0,0,,False
Adam Humphries,2576491,UNK,UNK,,,0.0,1,0,0,0,0,0,0,0,0,0,,False
Adam Thielen,16460,UNK,UNK,,,0.0,1,0,0,0,0,0,0,0,0,0,,False
Adonai Mitchell,4597500,UNK,UNK,,,0.0,1,0,0,0,0,0,0,0,0,0,,False
Ahmarean Brown,4426800,UNK,UNK,,,0.0,1,0,0,0,0,0,0,0,0,0,,False
Ainias Smith,4428532,UNK,UNK,,,0.0,1,0,0,0,0,0,0,0,0,0,,False
Ajou Ajou,4429207,UNK,UNK,,,0.0,1,0,0,0,0,0,0,0,0,0,,False
Albert Wilson,17051,UNK,UNK,,,0.0,1,0,0,0,0,0,0,0,0,0,,False
Alec Pierce,4360078,UNK,UNK,,,0.0,1,0,0,0,0,0,0,0,0,0,,False
Allen Lazard,3128390,UNK,UNK,,,0.0,1,0,0,0,0,0,0,0,0,0,,False
Allen Robinson,16799,UNK,UNK,,,0.0,1,0,0,0,0,0,0,0,0,0,,False
Amari Cooper,2976499,UNK,UNK,,,0.0,1,0,0,0,0,0,0,0,0,0,,False
Amari Rodgers,4239992,UNK,UNK,,,0.0,1,0,0,0,0,0,0,0,0,0,,False
Amon-Ra St. Brown,4374302,UNK,UNK,,,0.0,1,0,0,0,0,0,0,0,0,0,,False
Andrei Iosivas,4368003,UNK,UNK,,,0.0,1,0,0,0,0,0,0,0,0,0,,False
Andrew Armstrong,5093923,UNK,UNK,,,0.0,1,0,0,0,0,0,0,0,0,0,,False
Anthony Miller,3050487,UNK,UNK,,,0.0,1,0,0,0,0,0,0,0,0,0,,False
Anthony Schwartz,4371986,UNK,UNK,,,0.0,1,0,0,0,0,0,0,0,0,0,,False
Antoine Green,4373266,UNK,UNK,,,0.0,1,0,0,0,0,0,0,0,0,0,,False
Aron Cruickshank,4361556,UNK,UNK,,,0.0,1,0,0,0,0,0,0,0,0,0,,False
Ashton Dulin,4061956,UNK,UNK,,,0.0,1,0,0,0,0,0,0,0,0,0,,False
Auden Tate,3921564,UNK,UNK,,,0.0,1,0,0,0,0,0,0,0,0,0,,False
Austin Mack,4040623,UNK,UNK,,,0.0,1,0,0,0,0,0,0,0,0,0,,False
Austin Trammell,4244856,UNK,UNK,,,0.0,1,0,0,0,0,0,0,0,0,0,,False
Austin Watkins Jr.,4363409,UNK,UNK,,,0.0,1,0,0,0,0,0,0,0,0,0,,False
Avery Davis,4258586,UNK,UNK,,,0.0,1,0,0,0,0,0,0,0,0,0,,False
Ayir Asante,4571801,UNK,UNK,,,0.0,1,0,0,0,0,0,0,0,0,0,,False
Bailey Gaither,3921681,UNK,UNK,,,0.0,1,0,0,0,0,0,0,0,0,0,,False
Ben Skowronek,4035656,UNK,UNK,,,0.0,1,0,0,0,0,0,0,0,0,0,,False
Bisi Johnson,3917067,UNK,UNK,,,0.0,1,0,0,0,0,0,0,0,0,0,,False
Blake Proehl,4239406,UNK,UNK,,,0.0,1,0,0,0,0,0,0,0,0,0,,False
Blayne Taylor,5083552,UNK,UNK,,,0.0,1,0,0,0,0,0,0,0,0,0,,False
Brandin Cooks,16731,UNK,UNK,,,0.0,1,0,0,0,0,0,0,0,0,0,,False
Brandon Aiyuk,4360438,UNK,UNK,,,0.0,1,0,0,0,0,0,0,0,0,0,,False
Brandon Johnson,4035198,UNK,UNK,,,0.0,1,0,0,0,0,0,0,0,0,0,,False
Brandon Lewis,4401043,UNK,UNK,,,0.0,1,0,0,0,0,0,0,0,0,0,,False
Braxton Burmeister,4242490,UNK,UNK,,,0.0,1,0,0,0,0,0,0,0,0,0,,False
Braylon Sanders,4259908,UNK,UNK,,,0.0,1,0,0,0,0,0,0,0,0,0,,False
Brenden Rice,4686781,UNK,UNK,,,0.0,1,0,0,0,0,0,0,0,0,0,,False
Breshad Perriman,2972460,UNK,UNK,,,0.0,1,0,0,0,0,0,0,0,0,0,,False
Brevin Easton,5083515,UNK,UNK,,,0.0,1,0,0,0,0,0,0,0,0,0,,False
Brian Cobbs,4372041,UNK,UNK,,,0.0,1,0,0,0,0,0,0,0,0,0,,False
Brian Thomas Jr.,4432773,UNK,UNK,,,0.0,1,0,0,0,0,0,0,0,0,0,,False
Bryan Edwards,4038818,UNK,UNK,,,0.0,1,0,0,0,0,0,0,0,0,0,,False
Bryan Thompson,4243261,UNK,UNK,,,0.0,1,0,0,0,0,0,0,0,0,0,,False
Bryson Green,4432705,UNK,UNK,,,0.0,1,0,0,0,0,0,0,0,0,0,,False
Bub Means,4427985,UNK,UNK,,,0.0,1,0,0,0,0,0,0,0,0,0,,False
Byron Pringle,4036416,UNK,UNK,,,0.0,1,0,0,0,0,0,0,0,0,0,,False
C.J. Board,2973626,UNK,UNK,,,0.0,1,0,0,0,0,0,0,0,0,0,,False
C.J. Saunders,4040627,UNK,UNK,,,0.0,1,0,0,0,0,0,0,0,0,0,,False
Cade Johnson,4031033,UNK,UNK,,,0.0,1,0,0,0,0,0,0,0,0,0,,False
Cade McDonald,4569507,UNK,UNK,,,0.0,1,0,0,0,0,0,0,0,0,0,,False
Calvin Austin III,4243389,UNK,UNK,,,0.0,1,0,0,0,0,0,0,0,0,0,,False
Calvin Jackson,4373470,UNK,UNK,,,0.0,1,0,0,0,0,0,0,0,0,0,,False
Calvin Ridley,3925357,UNK,UNK,,,0.0,1,0,0,0,0,0,0,0,0,0,,False
Cam Camper,5081322,UNK,UNK,,,0.0,1,0,0,0,0,0,0,0,0,0,,False
Cam Johnson,4362794,UNK,UNK,,,0.0,1,0,0,0,0,0,0,0,0,0,,False
Cam Sims,3115314,UNK,UNK,,,0.0,1,0,0,0,0,0,0,0,0,0,,False
Cameron Batson,3139456,UNK,UNK,,,0.0,1,0,0,0,0,0,0,0,0,0,,False
Cedric Tillman,4369863,UNK,UNK,,,0.0,1,0,0,0,0,0,0,0,0,0,,False
Cedrick Wilson Jr.,4036335,UNK,UNK,,,0.0,1,0,0,0,0,0,0,0,0,0,,False
CeeDee Lamb,4241389,UNK,UNK,,,0.0,1,0,0,0,0,0,0,0,0,0,,False
Cephus Johnson III,4249400,UNK,UNK,,,0.0,1,0,0,0,0,0,0,0,0,0,,False
Chad Beebe,3047968,UNK,UNK,,,0.0,1,0,0,0,0,0,0,0,0,0,,False
Chandler Brayboy,4573243,UNK,UNK,,,0.0,1,0,0,0,0,0,0,0,0,0,,False
Charleston Rambo,4241397,UNK,UNK,,,0.0,1,0,0,0,0,0,0,0,0,0,,False
Chase Cota,4367186,UNK,UNK,,,0.0,1,0,0,0,0,0,0,0,0,0,,False
Chimere Dike,4431268,UNK,UNK,,,0.0,1,0,0,0,0,0,0,0,0,0,,False
Chris Blair,4369886,UNK,UNK,,,0.0,1,0,0,0,0,0,0,0,0,0,,False
Chris Coleman,4242991,UNK,UNK,,,0.0,1,0,0,0,0,0,0,0,0,0,,False
Chris Conley,2578533,UNK,UNK,,,0.0,1,0,0,0,0,0,0,0,0,0,,False
Chris Finke,3932429,UNK,UNK,,,0.0,1,0,0,0,0,0,0,0,0,0,,False
Chris Godwin Jr.,3116165,UNK,UNK,,,0.0,1,0,0,0,0,0,0,0,0,0,,False
Chris Lacy,3122430,UNK,UNK,,,0.0,1,0,0,0,0,0,0,0,0,0,,False
Chris Olave,4361370,UNK,UNK,,,0.0,1,0,0,0,0,0,0,0,0,0,,False
Christian Blake,3126002,UNK,UNK,,,0.0,1,0,0,0,0,0,0,0,0,0,,False
Christian Watson,4248528,UNK,UNK,,,0.0,1,0,0,0,0,0,0,0,0,0,,False
Cody Chrest,4031087,UNK,UNK,,,0.0,1,0,0,0,0,0,0,0,0,0,,False
Cody White,4241983,UNK,UNK,,,0.0,1,0,0,0,0,0,0,0,0,0,,False
Cole Beasley,15349,UNK,UNK,,,0.0,1,0,0,0,0,0,0,0,0,0,,False
Cole Burgess,5192448,UNK,UNK,,,0.0,1,0,0,0,0,0,0,0,0,0,,False
Coleman Owen,4578436,UNK,UNK,,,0.0,1,0,0,0,0,0,0,0,0,0,,False
Collin Johnson,4039043,UNK,UNK,,,0.0,1,0,0,0,0,0,0,0,0,0,,False
Connor Wedington,4242545,UNK,UNK,,,0.0,1,0,0,0,0,0,0,0,0,0,,False
Cooper Kupp,2977187,UNK,UNK,,,0.0,1,0,0,0,0,0,0,0,0,0,,False
Corey Coleman,2978929,UNK,UNK,,,0.0,1,0,0,0,0,0,0,0,0,0,,False
Corey Davis,3042778,UNK,UNK,,,0.0,1,0,0,0,0,0,0,0,0,0,,False
Cornelius Johnson,4426479,UNK,UNK,,,0.0,1,0,0,0,0,0,0,0,0,0,,False
Cornell Powell,4035465,UNK,UNK,,,0.0,1,0,0,0,0,0,0,0,0,0,,False
Courtland Sutton,3128429,UNK,UNK,,,0.0,1,0,0,0,0,0,0,0,0,0,,False
Courtney Jackson,4565172,UNK,UNK,,,0.0,1,0,0,0,0,0,0,0,0,0,,False
Curtis Samuel,3121427,UNK,UNK,,,0.0,1,0,0,0,0,0,0,0,0,0,,False
D.J. Montgomery,4249030,UNK,UNK,,,0.0,1,0,0,0,0,0,0,0,0,0,,False
DJ Chark,3115394,UNK,UNK,,,0.0,1,0,0,0,0,0,0,0,0,0,,False
DJ Moore,3915416,UNK,UNK,,,0.0,1,0,0,0,0,0,0,0,0,0,,False
DJ Turner,4036211,UNK,UNK,,,0.0,1,0,0,0,0,0,0,0,0,0,,False
DK Metcalf,4047650,UNK,UNK,,,0.0,1,0,0,0,0,0,0,0,0,0,,False
Daewood Davis,4242505,UNK,UNK,,,0.0,1,0,0,0,0,0,0,0,0,0,,False
Dai'Jean Dixon,4250864,UNK,UNK,,,0.0,1,0,0,0,0,0,0,0,0,0,,False
Damiere Byrd,2577667,UNK,UNK,,,0.0,1,0,0,0,0,0,0,0,0,0,,False
Daniel Arias,4360644,UNK,UNK,,,0.0,1,0,0,0,0,0,0,0,0,0,,False
Daniel Jackson,4430875,UNK,UNK,,,0.0,1,0,0,0,0,0,0,0,0,0,,False
Danny Davis,4242330,UNK,UNK,,,0.0,1,0,0,0,0,0,0,0,0,0,,False
Danny Gray,4689546,UNK,UNK,,,0.0,1,0,0,0,0,0,0,0,0,0,,False
Darius Lassiter,5083198,UNK,UNK,,,0.0,1,0,0,0,0,0,0,0,0,0,,False
Darius Slayton,3916945,UNK,UNK,,,0.0,1,0,0,0,0,0,0,0,0,0,,False
Darnell Mooney,4040655,UNK,UNK,,,0.0,1,0,0,0,0,0,0,0,0,0,,False
Darrius Shepherd,3120588,UNK,UNK,,,0.0,1,0,0,0,0,0,0,0,0,0,,False
Daurice Fountain,3120659,UNK,UNK,,,0.0,1,0,0,0,0,0,0,0,0,0,,False
Davante Adams,16800,UNK,UNK,,,0.0,1,0,0,0,0,0,0,0,0,0,,False
David Bell,4570409,UNK,UNK,,,0.0,1,0,0,0,0,0,0,0,0,0,,False
David Durden,4370374,UNK,UNK,,,0.0,1,0,0,0,0,0,0,0,0,0,,False
David Sills V,3871102,UNK,UNK,,,0.0,1,0,0,0,0,0,0,0,0,0,,False
David Wallis,5215032,UNK,UNK,,,0.0,1,0,0,0,0,0,0,0,0,0,,False
Davion Davis,3933568,UNK,UNK,,,0.0,1,0,0,0,0,0,0,0,0,0,,False
Daylen Baldwin,4262900,UNK,UNK,,,0.0,1,0,0,0,0,0,0,0,0,0,,False
Dayton Wade,4428763,UNK,UNK,,,0.0,1,0,0,0,0,0,0,0,0,0,,False
Dazz Newsome,4240661,UNK,UNK,,,0.0,1,0,0,0,0,0,0,0,0,0,,False
DeAndre Hopkins,15795,UNK,UNK,,,0.0,1,0,0,0,0,0,0,0,0,0,,False
DeMario Douglas,4427095,UNK,UNK,,,0.0,1,0,0,0,0,0,0,0,0,0,,False
DeMichael Harris,4374496,UNK,UNK,,,0.0,1,0,0,0,0,0,0,0,0,0,,False
DeSean Jackson,11283,UNK,UNK,,,0.0,1,0,0,0,0,0,0,0,0,0,,False
DeVante Parker,2576623,UNK,UNK,,,0.0,1,0,0,0,0,0,0,0,0,0,,False
DeVonta Smith,4241478,UNK,UNK,,,0.0,1,0,0,0,0,0,0,0,0,0,,False
Deebo Samuel,3126486,UNK,UNK,,,0.0,1,0,0,0,0,0,0,0,0,0,,False
Demarcus Robinson,3043116,UNK,UNK,,,0.0,1,0,0,0,0,0,0,0,0,0,,False
Dennis Houston,4572786,UNK,UNK,,,0.0,1,0,0,0,0,0,0,0,0,0,,False
Denzel Mims,4035403,UNK,UNK,,,0.0,1,0,0,0,0,0,0,0,0,0,,False
Deon Cain,3728254,UNK,UNK,,,0.0,1,0,0,0,0,0,0,0,0,0,,False
Deontay Burnett,3932935,UNK,UNK,,,0.0,1,0,0,0,0,0,0,0,0,0,,False
Derek Slywka,5209094,UNK,UNK,,,0.0,1,0,0,0,0,0,0,0,0,0,,False
Derek Wright,4569995,UNK,UNK,,,0.0,1,0,0,0,0,0,0,0,0,0,,False
Devaughn Vele,4569559,UNK,UNK,,,0.0,1,0,0,0,0,0,0,0,0,0,,False
Deven Thompkins,4374187,UNK,UNK,,,0.0,1,0,0,0,0,0,0,0,0,0,,False
Devon Williams,4374298,UNK,UNK,,,0.0,1,0,0,0,0,0,0,0,0,0,,False
Devontez Walker,4696882,UNK,UNK,,,0.0,1,0,0,0,0,0,0,0,0,0,,False
Dez Fitzpatrick,4036026,UNK,UNK,,,0.0,1,0,0,0,0,0,0,0,0,0,,False
Dezmon Patmon,4054085,UNK,UNK,,,0.0,1,0,0,0,0,0,0,0,0,0,,False
Dillon Stoner,4038460,UNK,UNK,,,0.0,1,0,0,0,0,0,0,0,0,0,,False
Dimitri Stanley,4360649,UNK,UNK,,,0.0,1,0,0,0,0,0,0,0,0,0,,False
Diontae Johnson,3932905,UNK,UNK,,,0.0,1,0,0,0,0,0,0,0,0,0,,False
Dont'e Thornton Jr.,4432775,UNK,UNK,,,0.0,1,0,0,0,0,0,0,0,0,0,,False
Dontae Fleming,4565297,UNK,UNK,,,0.0,1,0,0,0,0,0,0,0,0,0,,False
Dontario Drummond,4567240,UNK,UNK,,,0.0,1,0,0,0,0,0,0,0,0,0,,False
Dontay Demus Jr.,4372039,UNK,UNK,,,0.0,1,0,0,0,0,0,0,0,0,0,,False
Dontayvion Wicks,4428850,UNK,UNK,,,0.0,1,0,0,0,0,0,0,0,0,0,,False
Dorian Singer,4711055,UNK,UNK,,,0.0,1,0,0,0,0,0,0,0,0,0,,False
Drake London,4426502,UNK,UNK,,,0.0,1,0,0,0,0,0,0,0,0,0,,False
Drake Stoops,4360282,UNK,UNK,,,0.0,1,0,0,0,0,0,0,0,0,0,,False
Duece Watts,4685037,UNK,UNK,,,0.0,1,0,0,0,0,0,0,0,0,0,,False
Dylan Drummond,4363551,UNK,UNK,,,0.0,1,0,0,0,0,0,0,0,0,0,,False
Dymere Miller,4775266,UNK,UNK,,,0.0,1,0,0,0,0,0,0,0,0,0,,False
Easop Winston Jr.,4245174,UNK,UNK,,,0.0,1,0,0,0,0,0,0,0,0,0,,False
Eli Pancol,4430288,UNK,UNK,,,0.0,1,0,0,0,0,0,0,0,0,0,,False
Elic Ayomanor,4883647,UNK,UNK,,,0.0,1,0,0,0,0,0,0,0,0,0,,False
Elijah Cooks,4241588,UNK,UNK,,,0.0,1,0,0,0,0,0,0,0,0,0,,False
Elijah Moore,4372414,UNK,UNK,,,0.0,1,0,0,0,0,0,0,0,0,0,,False
Elijhah Badger,4429184,UNK,UNK,,,0.0,1,0,0,0,0,0,0,0,0,0,,False
Emeka Egbuka,4567750,UNK,UNK,,,0.0,1,0,0,0,0,0,0,0,0,0,,False
Erik Ezukanma,4362186,UNK,UNK,,,0.0,1,0,0,0,0,0,0,0,0,0,,False
Ethan Fernea,4062711,UNK,UNK,,,0.0,1,0,0,0,0,0,0,0,0,0,,False
Frank Darby,4047836,UNK,UNK,,,0.0,1,0,0,0,0,0,0,0,0,0,,False
Freddie Swain,4034950,UNK,UNK,,,0.0,1,0,0,0,0,0,0,0,0,0,,False
Gabe Davis,4243537,UNK,UNK,,,0.0,1,0,0,0,0,0,0,0,0,0,,False
Gage Larvadain,4877203,UNK,UNK,,,0.0,1,0,0,0,0,0,0,0,0,0,,False
Garrett Greene,4429847,UNK,UNK,,,0.0,1,0,0,0,0,0,0,0,0,0,,False
Garrett Wilson,4569618,UNK,UNK,,,0.0,1,0,0,0,0,0,0,0,0,0,,False
Gary Jennings,3916071,UNK,UNK,,,0.0,1,0,0,0,0,0,0,0,0,0,,False
Gavin Holmes,4259174,UNK,UNK,,,0.0,1,0,0,0,0,0,0,0,0,0,,False
George Pickens,4426354,UNK,UNK,,,0.0,1,0,0,0,0,0,0,0,0,0,,False
Geronimo Allison,3115913,UNK,UNK,,,0.0,1,0,0,0,0,0,0,0,0,0,,False
Giles Jackson,4427569,UNK,UNK,,,0.0,1,0,0,0,0,0,0,0,0,0,,False
Grant DuBose,4879650,UNK,UNK,,,0.0,1,0,0,0,0,0,0,0,0,0,,False
Greg Dortch,4037235,UNK,UNK,,,0.0,1,0,0,0,0,0,0,0,0,0,,False
Greg Ward,3040035,UNK,UNK,,,0.0,1,0,0,0,0,0,0,0,0,0,,False
Griffin Hebert,4239691,UNK,UNK,,,0.0,1,0,0,0,0,0,0,0,0,0,,False
Hakeem Butler,3917940,UNK,UNK,,,0.0,1,0,0,0,0,0,0,0,0,0,,False
Hal Presley,4879189,UNK,UNK,,,0.0,1,0,0,0,0,0,0,0,0,0,,False
Hollywood Brown,4241372,UNK,UNK,,,0.0,1,0,0,0,0,0,0,0,0,0,,False
Hunter Renfrow,3135321,UNK,UNK,,,0.0,1,0,0,0,0,0,0,0,0,0,,False
Ife Adeyi,4426528,UNK,UNK,,,0.0,1,0,0,0,0,0,0,0,0,0,,False
Ihmir Smith-Marsette,4240573,UNK,UNK,,,0.0,1,0,0,0,0,0,0,0,0,0,,False
Isaac TeSlaa,5123663,UNK,UNK,,,0.0,1,0,0,0,0,0,0,0,0,0,,False
Isaiah Bond,4808839,UNK,UNK,,,0.0,1,0,0,0,0,0,0,0,0,0,,False
Isaiah Coulter,4248504,UNK,UNK,,,0.0,1,0,0,0,0,0,0,0,0,0,,False
Isaiah Ford,3124069,UNK,UNK,,,0.0,1,0,0,0,0,0,0,0,0,0,,False
Isaiah Hodgins,4242540,UNK,UNK,,,0.0,1,0,0,0,0,0,0,0,0,0,,False
Isaiah McKenzie,3128724,UNK,UNK,,,0.0,1,0,0,0,0,0,0,0,0,0,,False
Isaiah Neyor,4428116,UNK,UNK,,,0.0,1,0,0,0,0,0,0,0,0,0,,False
Isaiah Williams,4569371,UNK,UNK,,,0.0,1,0,0,0,0,0,0,0,0,0,,False
Isaiah Winstead,4247942,UNK,UNK,,,0.0,1,0,0,0,0,0,0,0,0,0,,False
Isaiah Wooden,4576845,UNK,UNK,,,0.0,1,0,0,0,0,0,0,0,0,0,,False
Isaiah Zuber,3916129,UNK,UNK,,,0.0,1,0,0,0,0,0,0,0,0,0,,False
Ishmael Hyman,3039968,UNK,UNK,,,0.0,1,0,0,0,0,0,0,0,0,0,,False
J.J. Arcega-Whiteside,3931397,UNK,UNK,,,0.0,1,0,0,0,0,0,0,0,0,0,,False
J.J. Koski,3910287,UNK,UNK,,,0.0,1,0,0,0,0,0,0,0,0,0,,False
JJ Laap,5192438,UNK,UNK,,,0.0,1,0,0,0,0,0,0,0,0,0,,False
JP Richardson,4685183,UNK,UNK,,,0.0,1,0,0,0,0,0,0,0,0,0,,False
Ja'Marcus Bradley,3917569,UNK,UNK,,,0.0,1,0,0,0,0,0,0,0,0,0,,False
Ja'Marr Chase,4362628,UNK,UNK,,,0.0,1,0,0,0,0,0,0,0,0,0,,False
Ja'seem Reed,4876995,UNK,UNK,,,0.0,1,0,0,0,0,0,0,0,0,0,,False
JaQuae Jackson,5160748,UNK,UNK,,,0.0,1,0,0,0,0,0,0,0,0,0,,False
JaVonta Payton,4568063,UNK,UNK,,,0.0,1,0,0,0,0,0,0,0,0,0,,False
Jack Bech,4603186,UNK,UNK,,,0.0,1,0,0,0,0,0,0,0,0,0,,False
Jack Sorenson,4038966,UNK,UNK,,,0.0,1,0,0,0,0,0,0,0,0,0,,False
Jacob Copeland,4360233,UNK,UNK,,,0.0,1,0,0,0,0,0,0,0,0,0,,False
Jacob Cowing,4575665,UNK,UNK,,,0.0,1,0,0,0,0,0,0,0,0,0,,False
Jacoby Jones,5083297,UNK,UNK,,,0.0,1,0,0,0,0,0,0,0,0,0,,False
Jacolby George,4567784,UNK,UNK,,,0.0,1,0,0,0,0,0,0,0,0,0,,False
Jadakis Bonds,4384952,UNK,UNK,,,0.0,1,0,0,0,0,0,0,0,0,0,,False
Jaden Smith,4581750,UNK,UNK,,,0.0,1,0,0,0,0,0,0,0,0,0,,False
Jadon Haselwood,4426370,UNK,UNK,,,0.0,1,0,0,0,0,0,0,0,0,0,,False
Jadon Janke,4368287,UNK,UNK,,,0.0,1,0,0,0,0,0,0,0,0,0,,False
Jaelen Gill,4361351,UNK,UNK,,,0.0,1,0,0,0,0,0,0,0,0,0,,False
Jahan Dotson,4361409,UNK,UNK,,,0.0,1,0,0,0,0,0,0,0,0,0,,False
Jahmal Banks,4571935,UNK,UNK,,,0.0,1,0,0,0,0,0,0,0,0,0,,False
Jaivon Heiligh,4361029,UNK,UNK,,,0.0,1,0,0,0,0,0,0,0,0,0,,False
Jakobi Meyers,3916433,UNK,UNK,,,0.0,1,0,0,0,0,0,0,0,0,0,,False
Jakobie Keeney-James,5178972,UNK,UNK,,,0.0,1,0,0,0,0,0,0,0,0,0,,False
Jalen Camp,4037311,UNK,UNK,,,0.0,1,0,0,0,0,0,0,0,0,0,,False
Jalen Coker,4695883,UNK,UNK,,,0.0,1,0,0,0,0,0,0,0,0,0,,False
Jalen Guyton,3932430,UNK,UNK,,,0.0,1,0,0,0,0,0,0,0,0,0,,False
Jalen McMillan,4430834,UNK,UNK,,,0.0,1,0,0,0,0,0,0,0,0,0,,False
Jalen Nailor,4382466,UNK,UNK,,,0.0,1,0,0,0,0,0,0,0,0,0,,False
Jalen Reagor,4241802,UNK,UNK,,,0.0,1,0,0,0,0,0,0,0,0,0,,False
Jalen Sample,4608294,UNK,UNK,,,0.0,1,0,0,0,0,0,0,0,0,0,,False
Jalin Hyatt,4692590,UNK,UNK,,,0.0,1,0,0,0,0,0,0,0,0,0,,False
Jalon Calhoun,4429362,UNK,UNK,,,0.0,1,0,0,0,0,0,0,0,0,0,,False
Jamaal Pritchett,4892576,UNK,UNK,,,0.0,1,0,0,0,0,0,0,0,0,0,,False
Jamari Thrash,4428678,UNK,UNK,,,0.0,1,0,0,0,0,0,0,0,0,0,,False
James Proche II,3916204,UNK,UNK,,,0.0,1,0,0,0,0,0,0,0,0,0,,False
James Washington,3122449,UNK,UNK,,,0.0,1,0,0,0,0,0,0,0,0,0,,False
Jameson Williams,4426388,UNK,UNK,,,0.0,1,0,0,0,0,0,0,0,0,0,,False
Jamison Crowder,2576716,UNK,UNK,,,0.0,1,0,0,0,0,0,0,0,0,0,,False
Jamoi Mayes,4692972,UNK,UNK,,,0.0,1,0,0,0,0,0,0,0,0,0,,False
Jaray Jenkins,4362650,UNK,UNK,,,0.0,1,0,0,0,0,0,0,0,0,0,,False
Jared Wayne,4430681,UNK,UNK,,,0.0,1,0,0,0,0,0,0,0,0,0,,False
Jarvis Landry,16790,UNK,UNK,,,0.0,1,0,0,0,0,0,0,0,0,0,,False
Jason Moore,4069806,UNK,UNK,,,0.0,1,0,0,0,0,0,0,0,0,0,,False
Jauan Jennings,3886598,UNK,UNK,,,0.0,1,0,0,0,0,0,0,0,0,0,,False
Javon Baker,4692022,UNK,UNK,,,0.0,1,0,0,0,0,0,0,0,0,0,,False
Javon Wims,4035019,UNK,UNK,,,0.0,1,0,0,0,0,0,0,0,0,0,,False
Jaxon Smith-Njigba,4430878,UNK,UNK,,,0.0,1,0,0,0,0,0,0,0,0,0,,False
Jayden Higgins,4877706,UNK,UNK,,,0.0,1,0,0,0,0,0,0,0,0,0,,False
Jaydon Mickens,2978308,UNK,UNK,,,0.0,1,0,0,0,0,0,0,0,0,0,,False
Jaylen Johnson,4379405,UNK,UNK,,,0.0,1,0,0,0,0,0,0,0,0,0,,False
Jaylen Waddle,4372016,UNK,UNK,,,0.0,1,0,0,0,0,0,0,0,0,0,,False
Jaylin Lane,4602667,UNK,UNK,,,0.0,1,0,0,0,0,0,0,0,0,0,,False
Jaylin Noel,4586312,UNK,UNK,,,0.0,1,0,0,0,0,0,0,0,0,0,,False
Jaylon Moore,3909416,UNK,UNK,,,0.0,1,0,0,0,0,0,0,0,0,0,,False
Je'Quan Burton,4368341,UNK,UNK,,,0.0,1,0,0,0,0,0,0,0,0,0,,False
Jeff Cotton,4282647,UNK,UNK,,,0.0,1,0,0,0,0,0,0,0,0,0,,False
Jeremiah Webb,4572655,UNK,UNK,,,0.0,1,0,0,0,0,0,0,0,0,0,,False
Jerjuan Newton,4430254,UNK,UNK,,,0.0,1,0,0,0,0,0,0,0,0,0,,False
Jermaine Burton,4429033,UNK,UNK,,,0.0,1,0,0,0,0,0,0,0,0,0,,False
Jerome Kapp,5145769,UNK,UNK,,,0.0,1,0,0,0,0,0,0,0,0,0,,False
Jerreth Sterns,4383723,UNK,UNK,,,0.0,1,0,0,0,0,0,0,0,0,0,,False
Jerrion Ealy,4426330,UNK,UNK,,,0.0,1,0,0,0,0,0,0,0,0,0,,False
Jerry Jeudy,4241463,UNK,UNK,,,0.0,1,0,0,0,0,0,0,0,0,0,,False
Jeshaun Jones,4360637,UNK,UNK,,,0.0,1,0,0,0,0,0,0,0,0,0,,False
Jesse Matthews,4379569,UNK,UNK,,,0.0,1,0,0,0,0,0,0,0,0,0,,False
Jimmy Holiday,4431142,UNK,UNK,,,0.0,1,0,0,0,0,0,0,0,0,0,,False
Joaquin Davis,4696907,UNK,UNK,,,0.0,1,0,0,0,0,0,0,0,0,0,,False
Joe Reed,4037591,UNK,UNK,,,0.0,1,0,0,0,0,0,0,0,0,0,,False
John Brown,16804,UNK,UNK,,,0.0,1,0,0,0,0,0,0,0,0,0,,False
John Hightower,4373673,UNK,UNK,,,0.0,1,0,0,0,0,0,0,0,0,0,,False
John Jackson,4569510,UNK,UNK,,,0.0,1,0,0,0,0,0,0,0,0,0,,False
John Jiles,4887705,UNK,UNK,,,0.0,1,0,0,0,0,0,0,0,0,0,,False
John Metchie III,4567096,UNK,UNK,,,0.0,1,0,0,0,0,0,0,0,0,0,,False
John Ross,3052177,UNK,UNK,,,0.0,1,0,0,0,0,0,0,0,0,0,,False
Johnny Johnson III,4242504,UNK,UNK,,,0.0,1,0,0,0,0,0,0,0,0,0,,False
Johnny King,4695358,UNK,UNK,,,0.0,1,0,0,0,0,0,0,0,0,0,,False
Johnny Wilson,4686104,UNK,UNK,,,0.0,1,0,0,0,0,0,0,0,0,0,,False
Jordan Addison,4429205,UNK,UNK,,,0.0,1,0,0,0,0,0,0,0,0,0,,False
Jordan Bly,4687373,UNK,UNK,,,0.0,1,0,0,0,0,0,0,0,0,0,,False
Jordan Moore,4594444,UNK,UNK,,,0.0,1,0,0,0,0,0,0,0,0,0,,False
Jordan Whittington,4569382,UNK,UNK,,,0.0,1,0,0,0,0,0,0,0,0,0,,False
Jose Barbon,4360979,UNK,UNK,,,0.0,1,0,0,0,0,0,0,0,0,0,,False
Joseph Ngata,4426426,UNK,UNK,,,0.0,1,0,0,0,0,0,0,0,0,0,,False
Joseph Scates,4361736,UNK,UNK,,,0.0,1,0,0,0,0,0,0,0,0,0,,False
Josh Ali,4259976,UNK,UNK,,,0.0,1,0,0,0,0,0,0,0,0,0,,False
Josh Downs,4688813,UNK,UNK,,,0.0,1,0,0,0,0,0,0,0,0,0,,False
Josh Hammond,4034944,UNK,UNK,,,0.0,1,0,0,0,0,0,0,0,0,0,,False
Josh Kelly,4575558,UNK,UNK,,,0.0,1,0,0,0,0,0,0,0,0,0,,False
Josh Malone,3115330,UNK,UNK,,,0.0,1,0,0,0,0,0,0,0,0,0,,False
Josh Reynolds,3115306,UNK,UNK,,,0.0,1,0,0,0,0,0,0,0,0,0,,False
Josh Vann,4362862,UNK,UNK,,,0.0,1,0,0,0,0,0,0,0,0,0,,False
Joshua Cephus,4426893,UNK,UNK,,,0.0,1,0,0,0,0,0,0,0,0,0,,False
Joshua Palmer,4242433,UNK,UNK,,,0.0,1,0,0,0,0,0,0,0,0,0,,False
JuJu Smith-Schuster,3120348,UNK,UNK,,,0.0,1,0,0,0,0,0,0,0,0,0,,False
Juice Wells Jr.,4696062,UNK,UNK,,,0.0,1,0,0,0,0,0,0,0,0,0,,False
Julian Hicks,4244768,UNK,UNK,,,0.0,1,0,0,0,0,0,0,0,0,0,,False
Julio Jones,13982,UNK,UNK,,,0.0,1,0,0,0,0,0,0,0,0,0,,False
Justin Hall,4244727,UNK,UNK,,,0.0,1,0,0,0,0,0,0,0,0,0,,False
Justin Jefferson,4262921,UNK,UNK,,,0.0,1,0,0,0,0,0,0,0,0,0,,False
Justin Marshall,4240075,UNK,UNK,,,0.0,1,0,0,0,0,0,0,0,0,0,,False
Justin Watson,3118892,UNK,UNK,,,0.0,1,0,0,0,0,0,0,0,0,0,,False
Justyn Ross,4360306,UNK,UNK,,,0.0,1,0,0,0,0,0,0,0,0,0,,False
Juwann Winfree,3128317,UNK,UNK,,,0.0,1,0,0,0,0,0,0,0,0,0,,False
K.J. Osborn,3916566,UNK,UNK,,,0.0,1,0,0,0,0,0,0,0,0,0,,False
KJ Hamler,4240380,UNK,UNK,,,0.0,1,0,0,0,0,0,0,0,0,0,,False
KaVontae Turpin,3676833,UNK,UNK,,,0.0,1,0,0,0,0,0,0,0,0,0,,False
Kade Warner,4240819,UNK,UNK,,,0.0,1,0,0,0,0,0,0,0,0,0,,False
Kaden Prather,4431509,UNK,UNK,,,0.0,1,0,0,0,0,0,0,0,0,0,,False
Kalif Raymond,2973405,UNK,UNK,,,0.0,1,0,0,0,0,0,0,0,0,0,,False
Kalil Pimpleton,4240866,UNK,UNK,,,0.0,1,0,0,0,0,0,0,0,0,0,,False
Kawaan Baker,4068152,UNK,UNK,,,0.0,1,0,0,0,0,0,0,0,0,0,,False
Kaylon Geiger,4427267,UNK,UNK,,,0.0,1,0,0,0,0,0,0,0,0,0,,False
Kayshon Boutte,4429022,UNK,UNK,,,0.0,1,0,0,0,0,0,0,0,0,0,,False
KeAndre Lambert-Smith,4430870,UNK,UNK,,,0.0,1,0,0,0,0,0,0,0,0,0,,False
KeeSean Johnson,3124537,UNK,UNK,,,0.0,1,0,0,0,0,0,0,0,0,0,,False
Keelan Cole Sr.,3071572,UNK,UNK,,,0.0,1,0,0,0,0,0,0,0,0,0,,False
Keelan Doss,3120980,UNK,UNK,,,0.0,1,0,0,0,0,0,0,0,0,0,,False
Keenan Allen,15818,UNK,UNK,,,0.0,1,0,0,0,0,0,0,0,0,0,,False
Keilahn Harris,5125342,UNK,UNK,,,0.0,1,0,0,0,0,0,0,0,0,0,,False
Keith Kirkwood,3046401,UNK,UNK,,,0.0,1,0,0,0,0,0,0,0,0,0,,False
Kekoa Crawford,4046519,UNK,UNK,,,0.0,1,0,0,0,0,0,0,0,0,0,,False
Kelvin Harmon,4036163,UNK,UNK,,,0.0,1,0,0,0,0,0,0,0,0,0,,False
Kendall Hinton,3700815,UNK,UNK,,,0.0,1,0,0,0,0,0,0,0,0,0,,False
Kendric Pryor,4035776,UNK,UNK,,,0.0,1,0,0,0,0,0,0,0,0,0,,False
Kendrick Bourne,3045523,UNK,UNK,,,0.0,1,0,0,0,0,0,0,0,0,0,,False
Keon Coleman,4635008,UNK,UNK,,,0.0,1,0,0,0,0,0,0,0,0,0,,False
Keshunn Abram,4569234,UNK,UNK,,,0.0,1,0,0,0,0,0,0,0,0,0,,False
Ketron Jackson Jr.,4431389,UNK,UNK,,,0.0,1,0,0,0,0,0,0,0,0,0,,False
Kevin Kassis,4047518,UNK,UNK,,,0.0,1,0,0,0,0,0,0,0,0,0,,False
Kevin Shaa,4365503,UNK,UNK,,,0.0,1,0,0,0,0,0,0,0,0,0,,False
Key'Shawn Smith,4607419,UNK,UNK,,,0.0,1,0,0,0,0,0,0,0,0,0,,False
Khalil Shakir,4373678,UNK,UNK,,,0.0,1,0,0,0,0,0,0,0,0,0,,False
Kisean Johnson,4693881,UNK,UNK,,,0.0,1,0,0,0,0,0,0,0,0,0,,False
Kobe Hudson,4429056,UNK,UNK,,,0.0,1,0,0,0,0,0,0,0,0,0,,False
Kody Case,4249736,UNK,UNK,,,0.0,1,0,0,0,0,0,0,0,0,0,,False
Kristian Wilkerson,3910176,UNK,UNK,,,0.0,1,0,0,0,0,0,0,0,0,0,,False
Kyle Philips,4367175,UNK,UNK,,,0.0,1,0,0,0,0,0,0,0,0,0,,False
Kyle Sheets,5209803,UNK,UNK,,,0.0,1,0,0,0,0,0,0,0,0,0,,False
Kyle Williams,4613202,UNK,UNK,,,0.0,1,0,0,0,0,0,0,0,0,0,,False
Kyrese Rowan,4574860,UNK,UNK,,,0.0,1,0,0,0,0,0,0,0,0,0,,False
Kyric McGowan,4242270,UNK,UNK,,,0.0,1,0,0,0,0,0,0,0,0,0,,False
Ladd McConkey,4612826,UNK,UNK,,,0.0,1,0,0,0,0,0,0,0,0,0,,False
Lance Lenoir,3049249,UNK,UNK,,,0.0,1,0,0,0,0,0,0,0,0,0,,False
Lance McCutcheon,4247812,UNK,UNK,,,0.0,1,0,0,0,0,0,0,0,0,0,,False
Landen Akers,4035554,UNK,UNK,,,0.0,1,0,0,0,0,0,0,0,0,0,,False
Landon Parker,4370170,UNK,UNK,,,0.0,1,0,0,0,0,0,0,0,0,0,,False
Latreal Jones,5082505,UNK,UNK,,,0.0,1,0,0,0,0,0,0,0,0,0,,False
Laviska Shenault Jr.,4243160,UNK,UNK,,,0.0,1,0,0,0,0,0,0,0,0,0,,False
Lawrence Cager,3917849,UNK,UNK,,,0.0,1,0,0,0,0,0,0,0,0,0,,False
Lawrence Keys III,4372769,UNK,UNK,,,0.0,1,0,0,0,0,0,0,0,0,0,,False
Leon Johnson III,5151145,UNK,UNK,,,0.0,1,0,0,0,0,0,0,0,0,0,,False
Lil'Jordan Humphrey,4039057,UNK,UNK,,,0.0,1,0,0,0,0,0,0,0,0,0,,False
Louis Rees-Zammit,5208436,UNK,UNK,,,0.0,1,0,0,0,0,0,0,0,0,0,,False
Lucky Jackson,3915802,UNK,UNK,,,0.0,1,0,0,0,0,0,0,0,0,0,,False
Luke Floriea,4566157,UNK,UNK,,,0.0,1,0,0,0,0,0,0,0,0,0,,False
Luke Grimm,4433830,UNK,UNK,,,0.0,1,0,0,0,0,0,0,0,0,0,,False
Luther Burden III,4685278,UNK,UNK,,,0.0,1,0,0,0,0,0,0,0,0,0,,False
Lynn Bowden Jr.,4259979,UNK,UNK,,,0.0,1,0,0,0,0,0,0,0,0,0,,False
Mac Dalena,4431053,UNK,UNK,,,0.0,1,0,0,0,0,0,0,0,0,0,,False
Mac Hippenhammer,4259597,UNK,UNK,,,0.0,1,0,0,0,0,0,0,0,0,0,,False
Mack Hollins,2991662,UNK,UNK,,,0.0,1,0,0,0,0,0,0,0,0,0,,False
Makai Polk,4430325,UNK,UNK,,,0.0,1,0,0,0,0,0,0,0,0,0,,False
Malachi Carter,4360575,UNK,UNK,,,0.0,1,0,0,0,0,0,0,0,0,0,,False
Malik Cunningham,4240069,UNK,UNK,,,0.0,1,0,0,0,0,0,0,0,0,0,,False
Malik Heath,4689334,UNK,UNK,,,0.0,1,0,0,0,0,0,0,0,0,0,,False
Malik Nabers,4595348,UNK,UNK,,,0.0,1,0,0,0,0,0,0,0,0,0,,False
Malik Taylor,4408988,UNK,UNK,,,0.0,1,0,0,0,0,0,0,0,0,0,,False
Malik Washington,4569603,UNK,UNK,,,0.0,1,0,0,0,0,0,0,0,0,0,,False
Marcell Ateman,3046320,UNK,UNK,,,0.0,1,0,0,0,0,0,0,0,0,0,,False
Marcus Johnson,2971718,UNK,UNK,,,0.0,1,0,0,0,0,0,0,0,0,0,,False
Marcus Kemp,3046399,UNK,UNK,,,0.0,1,0,0,0,0,0,0,0,0,0,,False
Marcus Rosemy-Jacksaint,4429019,UNK,UNK,,,0.0,1,0,0,0,0,0,0,0,0,0,,False
Mario Williams,4431618,UNK,UNK,,,0.0,1,0,0,0,0,0,0,0,0,0,,False
Marken Michel,2591718,UNK,UNK,,,0.0,1,0,0,0,0,0,0,0,0,0,,False
Marquez Callaway,4035170,UNK,UNK,,,0.0,1,0,0,0,0,0,0,0,0,0,,False
Marquez Valdes-Scantling,3051738,UNK,UNK,,,0.0,1,0,0,0,0,0,0,0,0,0,,False
Marquise Goodwin,15839,UNK,UNK,,,0.0,1,0,0,0,0,0,0,0,0,0,,False
Martavis Bryant,16886,UNK,UNK,,,0.0,1,0,0,0,0,0,0,0,0,0,,False
Marvin Hall,2578369,UNK,UNK,,,0.0,1,0,0,0,0,0,0,0,0,0,,False
Marvin Harrison Jr.,4432708,UNK,UNK,,,0.0,1,0,0,0,0,0,0,0,0,0,,False
Marvin Jones Jr.,15072,UNK,UNK,,,0.0,1,0,0,0,0,0,0,0,0,0,,False
Marvin Mims Jr.,4686472,UNK,UNK,,,0.0,1,0,0,0,0,0,0,0,0,0,,False
Mason Tipton,4573697,UNK,UNK,,,0.0,1,0,0,0,0,0,0,0,0,0,,False
Mathew Sexton,4039339,UNK,UNK,,,0.0,1,0,0,0,0,0,0,0,0,0,,False
Matt Cole,4041703,UNK,UNK,,,0.0,1,0,0,0,0,0,0,0,0,0,,False
Matt Landers,4259550,UNK,UNK,,,0.0,1,0,0,0,0,0,0,0,0,0,,False
Matthew Golden,4701936,UNK,UNK,,,0.0,1,0,0,0,0,0,0,0,0,0,,False
Maurice Alexander,3914307,UNK,UNK,,,0.0,1,0,0,0,0,0,0,0,0,0,,False
Maurice Ffrench,4036055,UNK,UNK,,,0.0,1,0,0,0,0,0,0,0,0,0,,False
Mecole Hardman,4035004,UNK,UNK,,,0.0,1,0,0,0,0,0,0,0,0,0,,False
Michael Gallup,4036348,UNK,UNK,,,0.0,1,0,0,0,0,0,0,0,0,0,,False
Michael Pittman Jr.,4035687,UNK,UNK,,,0.0,1,0,0,0,0,0,0,0,0,0,,False
Michael Strachan,4589245,UNK,UNK,,,0.0,1,0,0,0,0,0,0,0,0,0,,False
Michael Thomas,2976316,UNK,UNK,,,0.0,1,0,0,0,0,0,0,0,0,0,,False
Michael Wilson,4360761,UNK,UNK,,,0.0,1,0,0,0,0,0,0,0,0,0,,False
Michael Woods II,4360174,UNK,UNK,,,0.0,1,0,0,0,0,0,0,0,0,0,,False
Mike Evans,16737,UNK,UNK,,,0.0,1,0,0,0,0,0,0,0,0,0,,False
Mike Harley Jr.,4240625,UNK,UNK,,,0.0,1,0,0,0,0,0,0,0,0,0,,False
Mike Thomas,3123986,UNK,UNK,,,0.0,1,0,0,0,0,0,0,0,0,0,,False
Mike Williams,3045138,UNK,UNK,,,0.0,1,0,0,0,0,0,0,0,0,0,,False
Miles Boykin,3932423,UNK,UNK,,,0.0,1,0,0,0,0,0,0,0,0,0,,False
Milton Wright,4426504,UNK,UNK,,,0.0,1,0,0,0,0,0,0,0,0,0,,False
Mitchell Tinsley,4690070,UNK,UNK,,,0.0,1,0,0,0,0,0,0,0,0,0,,False
Mohamed Sanu,14922,UNK,UNK,,,0.0,1,0,0,0,0,0,0,0,0,0,,False
Monaray Baldwin,4708127,UNK,UNK,,,0.0,1,0,0,0,0,0,0,0,0,0,,False
Montrell Washington,4248822,UNK,UNK,,,0.0,1,0,0,0,0,0,0,0,0,0,,False
Myron Mitchell,4570106,UNK,UNK,,,0.0,1,0,0,0,0,0,0,0,0,0,,False
Nate McCollum,4432387,UNK,UNK,,,0.0,1,0,0,0,0,0,0,0,0,0,,False
Neil Pau'u,4242377,UNK,UNK,,,0.0,1,0,0,0,0,0,0,0,0,0,,False
Nelson Agholor,2971618,UNK,UNK,,,0.0,1,0,0,0,0,0,0,0,0,0,,False
Nick Nash,4570242,UNK,UNK,,,0.0,1,0,0,0,0,0,0,0,0,0,,False
Nico Collins,4258173,UNK,UNK,,,0.0,1,0,0,0,0,0,0,0,0,0,,False
Noah Brown,3121409,UNK,UNK,,,0.0,1,0,0,0,0,0,0,0,0,0,,False
Nsimba Webster,3119317,UNK,UNK,,,0.0,1,0,0,0,0,0,0,0,0,0,,False
OJ Hiliare,4578462,UNK,UNK,,,0.0,1,0,0,0,0,0,0,0,0,0,,False
Odell Beckham Jr.,16733,UNK,UNK,,,0.0,1,0,0,0,0,0,0,0,0,0,,False
Olamide Zaccheaus,3917914,UNK,UNK,,,0.0,1,0,0,0,0,0,0,0,0,0,,False
Oliver Martin,4258189,UNK,UNK,,,0.0,1,0,0,0,0,0,0,0,0,0,,False
Ontaria Wilson,4240033,UNK,UNK,,,0.0,1,0,0,0,0,0,0,0,0,0,,False
Parker Washington,4432620,UNK,UNK,,,0.0,1,0,0,0,0,0,0,0,0,0,,False
Pat Bryant,4600981,UNK,UNK,,,0.0,1,0,0,0,0,0,0,0,0,0,,False
Penny Hart,3917546,UNK,UNK,,,0.0,1,0,0,0,0,0,0,0,0,0,,False
Peter LeBlanc,4427773,UNK,UNK,,,0.0,1,0,0,0,0,0,0,0,0,0,,False
Pharoh Cooper,3048897,UNK,UNK,,,0.0,1,0,0,0,0,0,0,0,0,0,,False
Phil Lutz,5153868,UNK,UNK,,,0.0,1,0,0,0,0,0,0,0,0,0,,False
Phillip Dorsett,2579604,UNK,UNK,,,0.0,1,0,0,0,0,0,0,0,0,0,,False
Praise Olatoke,5215426,UNK,UNK,,,0.0,1,0,0,0,0,0,0,0,0,0,,False
Puka Nacua,4426515,UNK,UNK,,,0.0,1,0,0,0,0,0,0,0,0,0,,False
Quentin Johnston,4429025,UNK,UNK,,,0.0,1,0,0,0,0,0,0,0,0,0,,False
Quentin Skinner,4613050,UNK,UNK,,,0.0,1,0,0,0,0,0,0,0,0,0,,False
Quez Watkins,4050373,UNK,UNK,,,0.0,1,0,0,0,0,0,0,0,0,0,,False
Quincy Skinner Jr.,4572380,UNK,UNK,,,0.0,1,0,0,0,0,0,0,0,0,0,,False
Quintez Cephus,4035793,UNK,UNK,,,0.0,1,0,0,0,0,0,0,0,0,0,,False
Ra'Shaun Henry,4032625,UNK,UNK,,,0.0,1,0,0,0,0,0,0,0,0,0,,False
Racey McMath,4242231,UNK,UNK,,,0.0,1,0,0,0,0,0,0,0,0,0,,False
Rakim Jarrett,4429006,UNK,UNK,,,0.0,1,0,0,0,0,0,0,0,0,0,,False
Randall Cobb,14053,UNK,UNK,,,0.0,1,0,0,0,0,0,0,0,0,0,,False
Rashard Davis,3049329,UNK,UNK,,,0.0,1,0,0,0,0,0,0,0,0,0,,False
Rashee Rice,4428331,UNK,UNK,,,0.0,1,0,0,0,0,0,0,0,0,0,,False
Rashid Shaheed,4032473,UNK,UNK,,,0.0,1,0,0,0,0,0,0,0,0,0,,False
Rashod Bateman,4360939,UNK,UNK,,,0.0,1,0,0,0,0,0,0,0,0,0,,False
Rashod Owens,4430577,UNK,UNK,,,0.0,1,0,0,0,0,0,0,0,0,0,,False
Ray-Ray McCloud III,3728262,UNK,UNK,,,0.0,1,0,0,0,0,0,0,0,0,0,,False
Reggie Roberson Jr.,4241888,UNK,UNK,,,0.0,1,0,0,0,0,0,0,0,0,0,,False
Richie James,3122899,UNK,UNK,,,0.0,1,0,0,0,0,0,0,0,0,0,,False
Ricky Pearsall,4428209,UNK,UNK,,,0.0,1,0,0,0,0,0,0,0,0,0,,False
River Cracraft,3052056,UNK,UNK,,,0.0,1,0,0,0,0,0,0,0,0,0,,False
Robbie Chosen,2574808,UNK,UNK,,,0.0,1,0,0,0,0,0,0,0,0,0,,False
Robert Foster,3054845,UNK,UNK,,,0.0,1,0,0,0,0,0,0,0,0,0,,False
Robert Lewis,4686271,UNK,UNK,,,0.0,1,0,0,0,0,0,0,0,0,0,,False
Roc Taylor,4431597,UNK,UNK,,,0.0,1,0,0,0,0,0,0,0,0,0,,False
Roderick Daniels Jr.,4594446,UNK,UNK,,,0.0,1,0,0,0,0,0,0,0,0,0,,False
Roman Wilson,4431492,UNK,UNK,,,0.0,1,0,0,0,0,0,0,0,0,0,,False
Rome Odunze,4431299,UNK,UNK,,,0.0,1,0,0,0,0,0,0,0,0,0,,False
Romeo Doubs,4361432,UNK,UNK,,,0.0,1,0,0,0,0,0,0,0,0,0,,False
Ronnie Bell,4372063,UNK,UNK,,,0.0,1,0,0,0,0,0,0,0,0,0,,False
Ryan Flournoy,5083754,UNK,UNK,,,0.0,1,0,0,0,0,0,0,0,0,0,,False
Sam Pinckney,4361915,UNK,UNK,,,0.0,1,0,0,0,0,0,0,0,0,0,,False
Sam Schnee,4384608,UNK,UNK,,,0.0,1,0,0,0,0,0,0,0,0,0,,False
Sam Wiglusz,4385438,UNK,UNK,,,0.0,1,0,0,0,0,0,0,0,0,0,,False
Sammy Watkins,16725,UNK,UNK,,,0.0,1,0,0,0,0,0,0,0,0,0,,False
Samori Toure,4027873,UNK,UNK,,,0.0,1,0,0,0,0,0,0,0,0,0,,False
Samson Nacua,4048099,UNK,UNK,,,0.0,1,0,0,0,0,0,0,0,0,0,,False
Sean Ryan,4360972,UNK,UNK,,,0.0,1,0,0,0,0,0,0,0,0,0,,False
Seth Williams,4371974,UNK,UNK,,,0.0,1,0,0,0,0,0,0,0,0,0,,False
Shaquan Davis,4579752,UNK,UNK,,,0.0,1,0,0,0,0,0,0,0,0,0,,False
Shemar Bridges,4585376,UNK,UNK,,,0.0,1,0,0,0,0,0,0,0,0,0,,False
Shi Smith,4259499,UNK,UNK,,,0.0,1,0,0,0,0,0,0,0,0,0,,False
Silas Bolden,4590532,UNK,UNK,,,0.0,1,0,0,0,0,0,0,0,0,0,,False
Slade Bolden,4360115,UNK,UNK,,,0.0,1,0,0,0,0,0,0,0,0,0,,False
Stanley Morgan Jr.,3699902,UNK,UNK,,,0.0,1,0,0,0,0,0,0,0,0,0,,False
Stefon Diggs,2976212,UNK,UNK,,,0.0,1,0,0,0,0,0,0,0,0,0,,False
Stephen Gosnell,4432215,UNK,UNK,,,0.0,1,0,0,0,0,0,0,0,0,0,,False
Sterling Shepard,2976592,UNK,UNK,,,0.0,1,0,0,0,0,0,0,0,0,0,,False
Steven Sims,3917960,UNK,UNK,,,0.0,1,0,0,0,0,0,0,0,0,0,,False
T.J. Luther,4370162,UNK,UNK,,,0.0,1,0,0,0,0,0,0,0,0,0,,False
T.J. Vasher,4043158,UNK,UNK,,,0.0,1,0,0,0,0,0,0,0,0,0,,False
T.Y. Hilton,14924,UNK,UNK,,,0.0,1,0,0,0,0,0,0,0,0,0,,False
Tajae Sharpe,2982828,UNK,UNK,,,0.0,1,0,0,0,0,0,0,0,0,0,,False
Tank Dell,4366031,UNK,UNK,,,0.0,1,0,0,0,0,0,0,0,0,0,,False
Tanner Knue,4363528,UNK,UNK,,,0.0,1,0,0,0,0,0,0,0,0,0,,False
Tarik Black,4258170,UNK,UNK,,,0.0,1,0,0,0,0,0,0,0,0,0,,False
Tavon Austin,15786,UNK,UNK,,,0.0,1,0,0,0,0,0,0,0,0,0,,False
Taye Barber,4362430,UNK,UNK,,,0.0,1,0,0,0,0,0,0,0,0,0,,False
Taylor Grimes,4383163,UNK,UNK,,,0.0,1,0,0,0,0,0,0,0,0,0,,False
Taylor Morin,4567044,UNK,UNK,,,0.0,1,0,0,0,0,0,0,0,0,0,,False
Tee Higgins,4239993,UNK,UNK,,,0.0,1,0,0,0,0,0,0,0,0,0,,False
Tejhaun Palmer,4875912,UNK,UNK,,,0.0,1,0,0,0,0,0,0,0,0,0,,False
Terique Owens,4571579,UNK,UNK,,,0.0,1,0,0,0,0,0,0,0,0,0,,False
Terrace Marshall Jr.,4362630,UNK,UNK,,,0.0,1,0,0,0,0,0,0,0,0,0,,False
Terrell Bynum,4243319,UNK,UNK,,,0.0,1,0,0,0,0,0,0,0,0,0,,False
Terry McLaurin,3121422,UNK,UNK,,,0.0,1,0,0,0,0,0,0,0,0,0,,False
Tetairoa McMillan,4685472,UNK,UNK,,,0.0,1,0,0,0,0,0,0,0,0,0,,False
Tez Johnson,4608810,UNK,UNK,,,0.0,1,0,0,0,0,0,0,0,0,0,,False
Thayer Thomas,4240121,UNK,UNK,,,0.0,1,0,0,0,0,0,0,0,0,0,,False
Theo Wease Jr.,4426535,UNK,UNK,,,0.0,1,0,0,0,0,0,0,0,0,0,,False
Thyrick Pitts,4248099,UNK,UNK,,,0.0,1,0,0,0,0,0,0,0,0,0,,False
Tim Patrick,3134353,UNK,UNK,,,0.0,1,0,0,0,0,0,0,0,0,0,,False
Tom Kennedy,3126997,UNK,UNK,,,0.0,1,0,0,0,0,0,0,0,0,0,,False
Tommy Mellott,4775196,UNK,UNK,,,0.0,1,0,0,0,0,0,0,0,0,0,,False
Tory Horton,4597703,UNK,UNK,,,0.0,1,0,0,0,0,0,0,0,0,0,,False
Traeshon Holden,4429172,UNK,UNK,,,0.0,1,0,0,0,0,0,0,0,0,0,,False
Travis Fulgham,3139522,UNK,UNK,,,0.0,1,0,0,0,0,0,0,0,0,0,,False
Travis Hunter,4685415,UNK,UNK,,,0.0,1,0,0,0,0,0,0,0,0,0,,False
Travis Toivonen,4047529,UNK,UNK,,,0.0,1,0,0,0,0,0,0,0,0,0,,False
Tre Nixon,4047648,UNK,UNK,,,0.0,1,0,0,0,0,0,0,0,0,0,,False
Tre Tucker,4428718,UNK,UNK,,,0.0,1,0,0,0,0,0,0,0,0,0,,False
Tre' Harris,4686612,UNK,UNK,,,0.0,1,0,0,0,0,0,0,0,0,0,,False
Tre'Shaun Harrison,4363046,UNK,UNK,,,0.0,1,0,0,0,0,0,0,0,0,0,,False
Trent Taylor,3040569,UNK,UNK,,,0.0,1,0,0,0,0,0,0,0,0,0,,False
Trenton Irwin,3931391,UNK,UNK,,,0.0,1,0,0,0,0,0,0,0,0,0,,False
Trevon Bradford,4042807,UNK,UNK,,,0.0,1,0,0,0,0,0,0,0,0,0,,False
Trey Palmer,4426407,UNK,UNK,,,0.0,1,0,0,0,0,0,0,0,0,0,,False
Trey Quinn,3115365,UNK,UNK,,,0.0,1,0,0,0,0,0,0,0,0,0,,False
Treylon Burks,4567156,UNK,UNK,,,0.0,1,0,0,0,0,0,0,0,0,0,,False
Trinity Benson,4422214,UNK,UNK,,,0.0,1,0,0,0,0,0,0,0,0,0,,False
Trishton Jackson,4046715,UNK,UNK,,,0.0,1,0,0,0,0,0,0,0,0,0,,False
Troy Franklin,4431280,UNK,UNK,,,0.0,1,0,0,0,0,0,0,0,0,0,,False
Tru Edwards,4875786,UNK,UNK,,,0.0,1,0,0,0,0,0,0,0,0,0,,False
Ty Fryfogle,4258238,UNK,UNK,,,0.0,1,0,0,0,0,0,0,0,0,0,,False
Ty Montgomery II,2577134,UNK,UNK,,,0.0,1,0,0,0,0,0,0,0,0,0,,False
Ty Scott,4362560,UNK,UNK,,,0.0,1,0,0,0,0,0,0,0,0,0,,False
Tyjon Lindsey,4240801,UNK,UNK,,,0.0,1,0,0,0,0,0,0,0,0,0,,False
Tylan Wallace,4241424,UNK,UNK,,,0.0,1,0,0,0,0,0,0,0,0,0,,False
Tyler Boyd,3045144,UNK,UNK,,,0.0,1,0,0,0,0,0,0,0,0,0,,False
Tyler Harrell,4360818,UNK,UNK,,,0.0,1,0,0,0,0,0,0,0,0,0,,False
Tyler Hudson,4429867,UNK,UNK,,,0.0,1,0,0,0,0,0,0,0,0,0,,False
Tyler Kahmann,5279793,UNK,UNK,,,0.0,1,0,0,0,0,0,0,0,0,0,,False
Tyler Lockett,2577327,UNK,UNK,,,0.0,1,0,0,0,0,0,0,0,0,0,,False
Tyler Scott,4565908,UNK,UNK,,,0.0,1,0,0,0,0,0,0,0,0,0,,False
Tyler Snead,4382578,UNK,UNK,,,0.0,1,0,0,0,0,0,0,0,0,0,,False
Tyler Vaughns,4035692,UNK,UNK,,,0.0,1,0,0,0,0,0,0,0,0,0,,False
Tyreek Hill,3116406,UNK,UNK,,,0.0,1,0,0,0,0,0,0,0,0,0,,False
Tyron Billy-Johnson,3894912,UNK,UNK,,,0.0,1,0,0,0,0,0,0,0,0,0,,False
Tyrone Broden,4429313,UNK,UNK,,,0.0,1,0,0,0,0,0,0,0,0,0,,False
Tyshaun James,4251826,UNK,UNK,,,0.0,1,0,0,0,0,0,0,0,0,0,,False
Van Jefferson,3930066,UNK,UNK,,,0.0,1,0,0,0,0,0,0,0,0,0,,False
Victor Bolden,3056476,UNK,UNK,,,0.0,1,0,0,0,0,0,0,0,0,0,,False
Wan'Dale Robinson,4569587,UNK,UNK,,,0.0,1,0,0,0,0,0,0,0,0,0,,False
Will Sheppard,4608679,UNK,UNK,,,0.0,1,0,0,0,0,0,0,0,0,0,,False
Willie Johnson,4043606,UNK,UNK,,,0.0,1,0,0,0,0,0,0,0,0,0,,False
Willie Snead IV,17258,UNK,UNK,,,0.0,1,0,0,0,0,0,0,0,0,0,,False
Xavier Gipson,4427278,UNK,UNK,,,0.0,1,0,0,0,0,0,0,0,0,0,,False
Xavier Guillory,4695910,UNK,UNK,,,0.0,1,0,0,0,0,0,0,0,0,0,,False
Xavier Hutchinson,4686422,UNK,UNK,,,0.0,1,0,0,0,0,0,0,0,0,0,,False
Xavier Johnson,4385430,UNK,UNK,,,0.0,1,0,0,0,0,0,0,0,0,0,,False
Xavier Legette,4430034,UNK,UNK,,,0.0,1,0,0,0,0,0,0,0,0,0,,False
Xavier Restrepo,4431353,UNK,UNK,,,0.0,1,0,0,0,0,0,0,0,0,0,,False
Xavier Smith,4386544,UNK,UNK,,,0.0,1,0,0,0,0,0,0,0,0,0,,False
Xavier Weaver,4428811,UNK,UNK,,,0.0,1,0,0,0,0,0,0,0,0,0,,False
Xavier Worthy,4683062,UNK,UNK,,,0.0,1,0,0,0,0,0,0,0,0,0,,False
Zach Pascal,2978109,UNK,UNK,,,0.0,1,0,0,0,0,0,0,0,0,0,,False
Zay Flowers,4429615,UNK,UNK,,,0.0,1,0,0,0,0,0,0,0,0,0,,False
Zay Jones,3059722,UNK,UNK,,,0.0,1,0,0,0,0,0,0,0,0,0,,False
nan,4035853,UNK,UNK,,,0.0,3,0,0,0,0,0,0,0,0,0,,False
